<?xml version="1.0" encoding="utf-8" ?>
<HediffDefs>
    <!-- Retro compatibility with saves for old mod version, which used hediffs -->
    <HediffDef>
        <defName>RitualBloodPact</defName>
        <hediffClass>Blood_Pact_Ritual.BloodPactRitual.HediffRitualBloodPact</hediffClass>
        <label>blood pact</label>
        <makesSickThought>false</makesSickThought>
        <tendable>false</tendable>
        <isBad>false</isBad>
        <defaultLabelColor>(175, 125, 255)</defaultLabelColor>
        <stages>
            <li>
                <everVisible>false</everVisible>
                <lifeThreatening>false</lifeThreatening>
            </li>
        </stages>
    </HediffDef>

    <!-- shared damages -->
    <HediffDef Name="InjuryRitualBloodPactSharedTendable" ParentName="InjuryBase">
        <defName>RitualBloodPactSharedTendable</defName>
        <label>blood pact</label>
        <tendable>true</tendable>
        <comps>
            <li Class="HediffCompProperties_TendDuration">
                <labelTendedWell>healed</labelTendedWell>
                <labelTendedWellInner>healed</labelTendedWellInner>
                <labelSolidTendedWell>set</labelSolidTendedWell>
            </li>
            <li Class="HediffCompProperties_Infecter">
                <infectionChance>0.05</infectionChance>
            </li>
        </comps>
        <injuryProps>
            <painPerSeverity>0.0125</painPerSeverity>
            <averagePainPerSeverityOld>0.00625</averagePainPerSeverityOld>
            <bleedRate>0.015</bleedRate>
            <canMerge>false</canMerge>
            <destroyedLabel>Roten</destroyedLabel>
        </injuryProps>
    </HediffDef>

    <HediffDef ParentName="InjuryRitualBloodPactSharedTendable">
        <defName>RitualBloodPactShared</defName>
        <hediffClass>Blood_Pact_Ritual.BloodPactRitual.HediffInjuryAutoTend</hediffClass>
    </HediffDef>
</HediffDefs>
